{
    "pieces": {
        "n_det.yaml": {
            "mAP50-95": 0.7929188774022546,
            "mAP50-95_var": 3.813841688065984e-05,
            "mP": 0.9021018835572465,
            "mP_var": 0.00018976027400222146,
            "mR": 0.8989336810576974,
            "mR_var": 3.687597898782884e-05,
            "best_fold": 3
        },
        "s_det.yaml": {
            "mAP50-95": 0.7578505285796058,
            "mAP50-95_var": 0.0001249410657790542,
            "mP": 0.8737722510859459,
            "mP_var": 0.00035454527087558325,
            "mR": 0.8747817359269584,
            "mR_var": 0.00010461748303808935,
            "best_fold": 3
        },
        "m_det.yaml": {
            "mAP50-95": 0.5855185251296204,
            "mAP50-95_var": 0.00013804764431909228,
            "mP": 0.6997304885966344,
            "mP_var": 0.0002543603331895298,
            "mR": 0.7735520081163025,
            "mR_var": 0.00012055408945112438,
            "best_fold": 2
        },
        "l_det.yaml": {
            "mAP50-95": 0.499388727034193,
            "mAP50-95_var": 1.3981656068723817e-05,
            "mP": 0.5968102409352859,
            "mP_var": 0.0003545777726930947,
            "mR": 0.7199859559925468,
            "mR_var": 1.0519833338353075e-05,
            "best_fold": 0
        },
        "n_det.pt": {
            "mAP50-95": 0.949558507391129,
            "mAP50-95_var": 4.1429114039465345e-07,
            "mP": 0.9972875956714405,
            "mP_var": 2.312761910291966e-07,
            "mR": 0.994438567719649,
            "mR_var": 6.519626870818685e-07,
            "best_fold": 2
        },
        "s_det.pt": {
            "mAP50-95": 0.9685024131238827,
            "mAP50-95_var": 2.1095739478338102e-08,
            "mP": 0.9989583397482233,
            "mP_var": 5.269263685243427e-08,
            "mR": 0.997495688246422,
            "mR_var": 1.8263302275068622e-07,
            "best_fold": 1
        },
        "m_det.pt": {
            "mAP50-95": 0.971115450607171,
            "mAP50-95_var": 3.522037682081999e-07,
            "mP": 0.9989533643143705,
            "mP_var": 1.5428435535694788e-08,
            "mR": 0.997893411391983,
            "mR_var": 1.5891794498834497e-07,
            "best_fold": 0
        },
        "l_det.pt": {
            "mAP50-95": 0.9705609989948887,
            "mAP50-95_var": 1.9837643726574016e-06,
            "mP": 0.9982770165407362,
            "mP_var": 6.908510666684486e-08,
            "mR": 0.9973302109319918,
            "mR_var": 6.247943903034483e-08,
            "best_fold": 1
        }
    },
    "board": {
        "m_pose.pt": {
            "iou": 0.8749216497453287,
            "iou_transform": 0.8520215782716328,
            "best_fold": 2,
            "iou_var": 0.0006378413181805084,
            "iou_transform_var": 0.0006162169601336065
        },
        "l_pose.pt": {
            "iou": 0.8631201571696299,
            "iou_transform": 0.8580700284845377,
            "best_fold": 2,
            "iou_var": 0.0003149704363036783,
            "iou_transform_var": 0.0011262743382368598
        },
        "n_seg.yaml": {
            "iou": 0.9766802176504468,
            "iou_transform": 0.9763165651010588,
            "best_fold": 3,
            "iou_var": 4.668257650160991e-07,
            "iou_transform_var": 5.103972403436191e-07
        },
        "s_seg.yaml": {
            "iou": 0.9734784879916287,
            "iou_transform": 0.9720934530008437,
            "best_fold": 2,
            "iou_var": 1.3357658213760091e-06,
            "iou_transform_var": 1.808622775507991e-06
        },
        "m_seg.yaml": {
            "iou": 0.960867026666729,
            "iou_transform": 0.964202948229903,
            "best_fold": 2,
            "iou_var": 5.450229991418944e-05,
            "iou_transform_var": 9.163753355129439e-06
        },
        "l_seg.yaml": {
            "iou": 0.9496992157949504,
            "iou_transform": 0.9522287232577545,
            "best_fold": 2,
            "iou_var": 0.00015905909780922244,
            "iou_transform_var": 8.089401313885462e-05
        },
        
        "s_pose.yaml": {
            "iou": 0.8866667904126281,
            "iou_transform": 0.8907480043428148,
            "best_fold": 3,
            "iou_var": 8.50588902237896e-05,
            "iou_transform_var": 9.890900445788289e-05
        },
        "m_pose.yaml": {
            "iou": 0.5592681954170945,
            "iou_transform": 0.5612683656087639,
            "best_fold": 0,
            "iou_var": 0.13863084597669648,
            "iou_transform_var": 0.13932230627168593
        },
        "l_pose.yaml": {
            "iou": 0.2970299726247113,
            "iou_transform": 0.29283816437318544,
            "best_fold": 1,
            "iou_var": 0.10079264629440803,
            "iou_transform_var": 0.09506427584060023
        },
        "n_seg.pt": {
            "iou": 0.9776286715034043,
            "iou_transform": 0.9765645050779668,
            "best_fold": 0,
            "iou_var": 4.862857403455118e-07,
            "iou_transform_var": 8.565417283279098e-07
        },
        "s_seg.pt": {
            "iou": 0.9763138807413139,
            "iou_transform": 0.9749561763566158,
            "best_fold": 3,
            "iou_var": 3.3031326761473113e-07,
            "iou_transform_var": 1.5209095948312288e-06
        },
        "m_seg.pt": {
            "iou": 0.9743783695751203,
            "iou_transform": 0.9728984240045663,
            "best_fold": 2,
            "iou_var": 1.0578203804690797e-06,
            "iou_transform_var": 4.958629246271915e-07
        },
        "l_seg.pt": {
            "iou": 0.9734177116641555,
            "iou_transform": 0.9720694496768705,
            "best_fold": 0,
            "iou_var": 1.8657162950410559e-07,
            "iou_transform_var": 2.2099925156144458e-07
        },
        "n_pose.pt": {
            "iou": 0.9590583413825802,
            "iou_transform": 0.9572411427779761,
            "best_fold": 1,
            "iou_var": 1.862777170922588e-05,
            "iou_transform_var": 2.4292737298217112e-05
        },
        "s_pose.pt": {
            "iou": 0.9415059706112542,
            "iou_transform": 0.9383906038288669,
            "best_fold": 0,
            "iou_var": 3.0576303728344836e-05,
            "iou_transform_var": 4.7541172354663566e-05
        }
    }
}